1,10,20,50,0.4,0,0,0.0
2,10,20,50,0.4,0,0.1,0.25
3,10,20,50,0.4,0,0.2,0.0625
4,10,20,50,0.4,0,0.5,0.3125
5,10,20,50,0.4,0.05,0,0.21875
6,10,20,50,0.4,0.05,0.1,0.28125
7,10,20,50,0.4,0.05,0.2,0.3125
8,10,20,50,0.4,0.05,0.5,0.40625
9,10,20,50,0.4,0.1,0,0.375
10,10,20,50,0.4,0.1,0.1,0.15625
11,10,20,50,0.4,0.1,0.2,0.3125
12,10,20,50,0.4,0.1,0.5,0.0
13,10,20,50,0.4,0.2,0,0.0
14,10,20,50,0.4,0.2,0.1,0.15625
15,10,20,50,0.4,0.2,0.2,0.28125
16,10,20,50,0.4,0.2,0.5,0.15625
17,10,20,50,0.4,0.5,0,0.125
18,10,20,50,0.4,0.5,0.1,0.3125
19,10,20,50,0.4,0.5,0.2,0.25
20,10,20,50,0.4,0.5,0.5,0.21875
21,10,20,50,0.6,0,0,0.5625
22,10,20,50,0.6,0,0.1,0.15625
23,10,20,50,0.6,0,0.2,0.1875
24,10,20,50,0.6,0,0.5,0.5
25,10,20,50,0.6,0.05,0,0.3125
26,10,20,50,0.6,0.05,0.1,0.375
27,10,20,50,0.6,0.05,0.2,0.3125
28,10,20,50,0.6,0.05,0.5,0.46875
29,10,20,50,0.6,0.1,0,0.21875
30,10,20,50,0.6,0.1,0.1,0.21875
31,10,20,50,0.6,0.1,0.2,0.28125
32,10,20,50,0.6,0.1,0.5,0.09375
33,10,20,50,0.6,0.2,0,0.375
34,10,20,50,0.6,0.2,0.1,-0.125
35,10,20,50,0.6,0.2,0.2,0.40625
36,10,20,50,0.6,0.2,0.5,0.40625
37,10,20,50,0.6,0.5,0,0.0625
38,10,20,50,0.6,0.5,0.1,0.59375
39,10,20,50,0.6,0.5,0.2,0.375
40,10,20,50,0.6,0.5,0.5,0.53125
41,10,20,50,0.8,0,0,0.375
42,10,20,50,0.8,0,0.1,0.125
43,10,20,50,0.8,0,0.2,0.21875
44,10,20,50,0.8,0,0.5,0.25
45,10,20,50,0.8,0.05,0,0.0625
46,10,20,50,0.8,0.05,0.1,0.625
47,10,20,50,0.8,0.05,0.2,0.125
48,10,20,50,0.8,0.05,0.5,0.09375
49,10,20,50,0.8,0.1,0,0.28125
50,10,20,50,0.8,0.1,0.1,0.5625
51,10,20,50,0.8,0.1,0.2,0.34375
52,10,20,50,0.8,0.1,0.5,0.375
53,10,20,50,0.8,0.2,0,0.375
54,10,20,50,0.8,0.2,0.1,0.25
55,10,20,50,0.8,0.2,0.2,0.46875
56,10,20,50,0.8,0.2,0.5,0.375
57,10,20,50,0.8,0.5,0,0.0
58,10,20,50,0.8,0.5,0.1,0.53125
59,10,20,50,0.8,0.5,0.2,0.375
60,10,20,50,0.8,0.5,0.5,0.4375
61,10,20,50,0.9,0,0,0.125
62,10,20,50,0.9,0,0.1,0.375
63,10,20,50,0.9,0,0.2,0.09375
64,10,20,50,0.9,0,0.5,0.25
65,10,20,50,0.9,0.05,0,0.59375
66,10,20,50,0.9,0.05,0.1,0.40625
67,10,20,50,0.9,0.05,0.2,0.0625
68,10,20,50,0.9,0.05,0.5,0.3125
69,10,20,50,0.9,0.1,0,0.375
70,10,20,50,0.9,0.1,0.1,0.15625
71,10,20,50,0.9,0.1,0.2,0.15625
72,10,20,50,0.9,0.1,0.5,0.0625
73,10,20,50,0.9,0.2,0,0.59375
74,10,20,50,0.9,0.2,0.1,0.375
75,10,20,50,0.9,0.2,0.2,0.375
76,10,20,50,0.9,0.2,0.5,-0.09375
77,10,20,50,0.9,0.5,0,0.21875
78,10,20,50,0.9,0.5,0.1,0.34375
79,10,20,50,0.9,0.5,0.2,0.3125
80,10,20,50,0.9,0.5,0.5,0.03125
81,10,20,100,0.4,0,0,0.375
82,10,20,100,0.4,0,0.1,0.15625
83,10,20,100,0.4,0,0.2,0.03125
84,10,20,100,0.4,0,0.5,0.28125
85,10,20,100,0.4,0.05,0,0.21875
86,10,20,100,0.4,0.05,0.1,0.53125
87,10,20,100,0.4,0.05,0.2,0.1875
88,10,20,100,0.4,0.05,0.5,0.375
89,10,20,100,0.4,0.1,0,0.40625
90,10,20,100,0.4,0.1,0.1,0.40625
91,10,20,100,0.4,0.1,0.2,0.3125
92,10,20,100,0.4,0.1,0.5,0.53125
93,10,20,100,0.4,0.2,0,0.53125
94,10,20,100,0.4,0.2,0.1,0.15625
95,10,20,100,0.4,0.2,0.2,0.375
96,10,20,100,0.4,0.2,0.5,0.4375
97,10,20,100,0.4,0.5,0,0.34375
98,10,20,100,0.4,0.5,0.1,0.25
99,10,20,100,0.4,0.5,0.2,0.46875
100,10,20,100,0.4,0.5,0.5,0.28125
101,10,20,100,0.6,0,0,0.03125
102,10,20,100,0.6,0,0.1,0.25
103,10,20,100,0.6,0,0.2,0.40625
104,10,20,100,0.6,0,0.5,0.28125
105,10,20,100,0.6,0.05,0,0.40625
106,10,20,100,0.6,0.05,0.1,0.46875
107,10,20,100,0.6,0.05,0.2,0.4375
108,10,20,100,0.6,0.05,0.5,0.40625
109,10,20,100,0.6,0.1,0,0.34375
110,10,20,100,0.6,0.1,0.1,0.21875
111,10,20,100,0.6,0.1,0.2,0.21875
112,10,20,100,0.6,0.1,0.5,0.3125
113,10,20,100,0.6,0.2,0,0.1875
114,10,20,100,0.6,0.2,0.1,0.5
115,10,20,100,0.6,0.2,0.2,0.375
116,10,20,100,0.6,0.2,0.5,0.53125
117,10,20,100,0.6,0.5,0,0.09375
118,10,20,100,0.6,0.5,0.1,0.09375
119,10,20,100,0.6,0.5,0.2,-0.09375
120,10,20,100,0.6,0.5,0.5,0.5625
121,10,20,100,0.8,0,0,0.21875
122,10,20,100,0.8,0,0.1,-0.03125
123,10,20,100,0.8,0,0.2,0.1875
124,10,20,100,0.8,0,0.5,0.5
125,10,20,100,0.8,0.05,0,0.21875
126,10,20,100,0.8,0.05,0.1,0.40625
127,10,20,100,0.8,0.05,0.2,0.28125
128,10,20,100,0.8,0.05,0.5,0.375
129,10,20,100,0.8,0.1,0,0.21875
130,10,20,100,0.8,0.1,0.1,0.09375
131,10,20,100,0.8,0.1,0.2,0.28125
132,10,20,100,0.8,0.1,0.5,0.375
133,10,20,100,0.8,0.2,0,0.375
134,10,20,100,0.8,0.2,0.1,0.46875
135,10,20,100,0.8,0.2,0.2,0.3125
136,10,20,100,0.8,0.2,0.5,0.5
137,10,20,100,0.8,0.5,0,0.3125
138,10,20,100,0.8,0.5,0.1,0.5
139,10,20,100,0.8,0.5,0.2,0.125
140,10,20,100,0.8,0.5,0.5,0.21875
141,10,20,100,0.9,0,0,0.25
142,10,20,100,0.9,0,0.1,0.25
143,10,20,100,0.9,0,0.2,0.34375
144,10,20,100,0.9,0,0.5,0.375
145,10,20,100,0.9,0.05,0,0.4375
146,10,20,100,0.9,0.05,0.1,0.65625
147,10,20,100,0.9,0.05,0.2,0.375
148,10,20,100,0.9,0.05,0.5,0.25
149,10,20,100,0.9,0.1,0,0.0
150,10,20,100,0.9,0.1,0.1,0.46875
151,10,20,100,0.9,0.1,0.2,0.28125
152,10,20,100,0.9,0.1,0.5,0.15625
153,10,20,100,0.9,0.2,0,0.1875
154,10,20,100,0.9,0.2,0.1,0.21875
155,10,20,100,0.9,0.2,0.2,0.5
156,10,20,100,0.9,0.2,0.5,0.21875
157,10,20,100,0.9,0.5,0,0.1875
158,10,20,100,0.9,0.5,0.1,0.125
159,10,20,100,0.9,0.5,0.2,0.4375
160,10,20,100,0.9,0.5,0.5,0.375
161,10,20,200,0.4,0,0,0.59375
162,10,20,200,0.4,0,0.1,0.4375
163,10,20,200,0.4,0,0.2,0.25
164,10,20,200,0.4,0,0.5,0.03125
165,10,20,200,0.4,0.05,0,0.5
166,10,20,200,0.4,0.05,0.1,0.3125
167,10,20,200,0.4,0.05,0.2,0.375
168,10,20,200,0.4,0.05,0.5,0.40625
169,10,20,200,0.4,0.1,0,0.46875
170,10,20,200,0.4,0.1,0.1,0.28125
171,10,20,200,0.4,0.1,0.2,0.34375
172,10,20,200,0.4,0.1,0.5,0.28125
173,10,20,200,0.4,0.2,0,0.1875
174,10,20,200,0.4,0.2,0.1,0.4375
175,10,20,200,0.4,0.2,0.2,0.0625
176,10,20,200,0.4,0.2,0.5,0.4375
177,10,20,200,0.4,0.5,0,0.59375
178,10,20,200,0.4,0.5,0.1,0.21875
179,10,20,200,0.4,0.5,0.2,0.46875
180,10,20,200,0.4,0.5,0.5,0.53125
181,10,20,200,0.6,0,0,0.34375
182,10,20,200,0.6,0,0.1,0.28125
183,10,20,200,0.6,0,0.2,0.25
184,10,20,200,0.6,0,0.5,0.15625
185,10,20,200,0.6,0.05,0,0.0
186,10,20,200,0.6,0.05,0.1,0.3125
187,10,20,200,0.6,0.05,0.2,0.46875
188,10,20,200,0.6,0.05,0.5,0.5625
189,10,20,200,0.6,0.1,0,0.5
190,10,20,200,0.6,0.1,0.1,0.40625
191,10,20,200,0.6,0.1,0.2,0.21875
192,10,20,200,0.6,0.1,0.5,0.1875
193,10,20,200,0.6,0.2,0,0.375
194,10,20,200,0.6,0.2,0.1,0.25
195,10,20,200,0.6,0.2,0.2,0.3125
196,10,20,200,0.6,0.2,0.5,0.40625
197,10,20,200,0.6,0.5,0,0.375
198,10,20,200,0.6,0.5,0.1,0.34375
199,10,20,200,0.6,0.5,0.2,0.34375
200,10,20,200,0.6,0.5,0.5,0.28125
201,10,20,200,0.8,0,0,0.28125
202,10,20,200,0.8,0,0.1,0.03125
203,10,20,200,0.8,0,0.2,0.34375
204,10,20,200,0.8,0,0.5,0.46875
205,10,20,200,0.8,0.05,0,0.25
206,10,20,200,0.8,0.05,0.1,0.4375
207,10,20,200,0.8,0.05,0.2,0.09375
208,10,20,200,0.8,0.05,0.5,0.25
209,10,20,200,0.8,0.1,0,0.1875
210,10,20,200,0.8,0.1,0.1,0.4375
211,10,20,200,0.8,0.1,0.2,0.25
212,10,20,200,0.8,0.1,0.5,0.0
213,10,20,200,0.8,0.2,0,0.1875
214,10,20,200,0.8,0.2,0.1,0.15625
215,10,20,200,0.8,0.2,0.2,0.53125
216,10,20,200,0.8,0.2,0.5,0.5625
217,10,20,200,0.8,0.5,0,0.46875
218,10,20,200,0.8,0.5,0.1,0.34375
219,10,20,200,0.8,0.5,0.2,0.5625
220,10,20,200,0.8,0.5,0.5,0.25
221,10,20,200,0.9,0,0,0.4375
222,10,20,200,0.9,0,0.1,0.25
223,10,20,200,0.9,0,0.2,0.125
224,10,20,200,0.9,0,0.5,0.40625
225,10,20,200,0.9,0.05,0,0.34375
226,10,20,200,0.9,0.05,0.1,0.28125
227,10,20,200,0.9,0.05,0.2,0.1875
228,10,20,200,0.9,0.05,0.5,0.4375
229,10,20,200,0.9,0.1,0,0.21875
230,10,20,200,0.9,0.1,0.1,0.09375
231,10,20,200,0.9,0.1,0.2,0.375
232,10,20,200,0.9,0.1,0.5,0.15625
233,10,20,200,0.9,0.2,0,0.0625
234,10,20,200,0.9,0.2,0.1,0.28125
235,10,20,200,0.9,0.2,0.2,0.21875
236,10,20,200,0.9,0.2,0.5,0.53125
237,10,20,200,0.9,0.5,0,0.375
238,10,20,200,0.9,0.5,0.1,0.40625
239,10,20,200,0.9,0.5,0.2,0.09375
240,10,20,200,0.9,0.5,0.5,0.34375
241,10,20,500,0.4,0,0,0.53125
242,10,20,500,0.4,0,0.1,0.0625
243,10,20,500,0.4,0,0.2,0.25
244,10,20,500,0.4,0,0.5,0.21875
245,10,20,500,0.4,0.05,0,0.25
246,10,20,500,0.4,0.05,0.1,0.40625
247,10,20,500,0.4,0.05,0.2,0.09375
248,10,20,500,0.4,0.05,0.5,0.625
249,10,20,500,0.4,0.1,0,0.125
250,10,20,500,0.4,0.1,0.1,0.25
251,10,20,500,0.4,0.1,0.2,0.1875
252,10,20,500,0.4,0.1,0.5,0.0625
253,10,20,500,0.4,0.2,0,0.5
254,10,20,500,0.4,0.2,0.1,0.28125
255,10,20,500,0.4,0.2,0.2,0.46875
256,10,20,500,0.4,0.2,0.5,0.15625
257,10,20,500,0.4,0.5,0,0.4375
258,10,20,500,0.4,0.5,0.1,0.3125
259,10,20,500,0.4,0.5,0.2,0.25
260,10,20,500,0.4,0.5,0.5,0.1875
261,10,20,500,0.6,0,0,0.34375
262,10,20,500,0.6,0,0.1,0.28125
263,10,20,500,0.6,0,0.2,0.34375
264,10,20,500,0.6,0,0.5,0.15625
265,10,20,500,0.6,0.05,0,0.21875
266,10,20,500,0.6,0.05,0.1,0.5625
267,10,20,500,0.6,0.05,0.2,0.25
268,10,20,500,0.6,0.05,0.5,0.25
269,10,20,500,0.6,0.1,0,0.4375
270,10,20,500,0.6,0.1,0.1,0.15625
271,10,20,500,0.6,0.1,0.2,0.03125
272,10,20,500,0.6,0.1,0.5,0.3125
273,10,20,500,0.6,0.2,0,0.25
274,10,20,500,0.6,0.2,0.1,0.28125
275,10,20,500,0.6,0.2,0.2,0.375
276,10,20,500,0.6,0.2,0.5,0.25
277,10,20,500,0.6,0.5,0,0.125
278,10,20,500,0.6,0.5,0.1,0.25
279,10,20,500,0.6,0.5,0.2,0.15625
280,10,20,500,0.6,0.5,0.5,0.375
281,10,20,500,0.8,0,0,0.25
282,10,20,500,0.8,0,0.1,0.4375
283,10,20,500,0.8,0,0.2,-0.03125
284,10,20,500,0.8,0,0.5,0.15625
285,10,20,500,0.8,0.05,0,0.5
286,10,20,500,0.8,0.05,0.1,0.1875
287,10,20,500,0.8,0.05,0.2,0.3125
288,10,20,500,0.8,0.05,0.5,0.4375
289,10,20,500,0.8,0.1,0,0.5625
290,10,20,500,0.8,0.1,0.1,0.625
291,10,20,500,0.8,0.1,0.2,0.40625
292,10,20,500,0.8,0.1,0.5,0.21875
293,10,20,500,0.8,0.2,0,0.28125
294,10,20,500,0.8,0.2,0.1,0.5
295,10,20,500,0.8,0.2,0.2,0.1875
296,10,20,500,0.8,0.2,0.5,0.1875
297,10,20,500,0.8,0.5,0,0.125
298,10,20,500,0.8,0.5,0.1,0.375
299,10,20,500,0.8,0.5,0.2,0.5
300,10,20,500,0.8,0.5,0.5,0.0625
301,10,20,500,0.9,0,0,0.15625
302,10,20,500,0.9,0,0.1,0.125
303,10,20,500,0.9,0,0.2,0.375
304,10,20,500,0.9,0,0.5,0.21875
305,10,20,500,0.9,0.05,0,0.375
306,10,20,500,0.9,0.05,0.1,0.3125
307,10,20,500,0.9,0.05,0.2,0.34375
308,10,20,500,0.9,0.05,0.5,0.3125
309,10,20,500,0.9,0.1,0,0.28125
310,10,20,500,0.9,0.1,0.1,0.40625
311,10,20,500,0.9,0.1,0.2,0.25
312,10,20,500,0.9,0.1,0.5,0.125
313,10,20,500,0.9,0.2,0,0.15625
314,10,20,500,0.9,0.2,0.1,0.21875
315,10,20,500,0.9,0.2,0.2,0.1875
316,10,20,500,0.9,0.2,0.5,0.28125
317,10,20,500,0.9,0.5,0,0.1875
318,10,20,500,0.9,0.5,0.1,0.375
319,10,20,500,0.9,0.5,0.2,0.28125
320,10,20,500,0.9,0.5,0.5,0.1875
321,10,50,50,0.4,0,0,0.3125
322,10,50,50,0.4,0,0.1,0.46875
323,10,50,50,0.4,0,0.2,0.09375
324,10,50,50,0.4,0,0.5,0.1875
325,10,50,50,0.4,0.05,0,0.125
326,10,50,50,0.4,0.05,0.1,0.34375
327,10,50,50,0.4,0.05,0.2,0.28125
328,10,50,50,0.4,0.05,0.5,-0.03125
329,10,50,50,0.4,0.1,0,0.40625
330,10,50,50,0.4,0.1,0.1,0.4375
331,10,50,50,0.4,0.1,0.2,0.53125
332,10,50,50,0.4,0.1,0.5,-0.15625
333,10,50,50,0.4,0.2,0,0.09375
334,10,50,50,0.4,0.2,0.1,0.21875
335,10,50,50,0.4,0.2,0.2,0.34375
336,10,50,50,0.4,0.2,0.5,0.5
337,10,50,50,0.4,0.5,0,0.0625
338,10,50,50,0.4,0.5,0.1,0.25
339,10,50,50,0.4,0.5,0.2,0.1875
340,10,50,50,0.4,0.5,0.5,0.21875
341,10,50,50,0.6,0,0,0.21875
342,10,50,50,0.6,0,0.1,0.5
343,10,50,50,0.6,0,0.2,0.25
344,10,50,50,0.6,0,0.5,0.3125
345,10,50,50,0.6,0.05,0,0.28125
346,10,50,50,0.6,0.05,0.1,0.53125
347,10,50,50,0.6,0.05,0.2,0.46875
348,10,50,50,0.6,0.05,0.5,0.3125
349,10,50,50,0.6,0.1,0,0.4375
350,10,50,50,0.6,0.1,0.1,0.1875
351,10,50,50,0.6,0.1,0.2,-0.25
352,10,50,50,0.6,0.1,0.5,0.21875
353,10,50,50,0.6,0.2,0,0.46875
354,10,50,50,0.6,0.2,0.1,0.28125
355,10,50,50,0.6,0.2,0.2,-0.03125
356,10,50,50,0.6,0.2,0.5,0.5
357,10,50,50,0.6,0.5,0,0.34375
358,10,50,50,0.6,0.5,0.1,0.375
359,10,50,50,0.6,0.5,0.2,0.34375
360,10,50,50,0.6,0.5,0.5,0.28125
361,10,50,50,0.8,0,0,0.09375
362,10,50,50,0.8,0,0.1,0.46875
363,10,50,50,0.8,0,0.2,0.125
364,10,50,50,0.8,0,0.5,0.25
365,10,50,50,0.8,0.05,0,0.375
366,10,50,50,0.8,0.05,0.1,0.15625
367,10,50,50,0.8,0.05,0.2,0.09375
368,10,50,50,0.8,0.05,0.5,0.375
369,10,50,50,0.8,0.1,0,0.34375
370,10,50,50,0.8,0.1,0.1,0.28125
371,10,50,50,0.8,0.1,0.2,0.0625
372,10,50,50,0.8,0.1,0.5,0.21875
373,10,50,50,0.8,0.2,0,0.28125
374,10,50,50,0.8,0.2,0.1,0.46875
375,10,50,50,0.8,0.2,0.2,0.21875
376,10,50,50,0.8,0.2,0.5,0.28125
377,10,50,50,0.8,0.5,0,0.5625
378,10,50,50,0.8,0.5,0.1,0.0625
379,10,50,50,0.8,0.5,0.2,0.34375
380,10,50,50,0.8,0.5,0.5,0.03125
381,10,50,50,0.9,0,0,0.21875
382,10,50,50,0.9,0,0.1,0.375
383,10,50,50,0.9,0,0.2,0.25
384,10,50,50,0.9,0,0.5,0.21875
385,10,50,50,0.9,0.05,0,0.375
386,10,50,50,0.9,0.05,0.1,0.1875
387,10,50,50,0.9,0.05,0.2,0.34375
388,10,50,50,0.9,0.05,0.5,0.25
389,10,50,50,0.9,0.1,0,0.40625
390,10,50,50,0.9,0.1,0.1,0.34375
391,10,50,50,0.9,0.1,0.2,0.25
392,10,50,50,0.9,0.1,0.5,0.53125
393,10,50,50,0.9,0.2,0,0.21875
394,10,50,50,0.9,0.2,0.1,0.5
395,10,50,50,0.9,0.2,0.2,0.40625
396,10,50,50,0.9,0.2,0.5,0.28125
397,10,50,50,0.9,0.5,0,0.125
398,10,50,50,0.9,0.5,0.1,0.40625
399,10,50,50,0.9,0.5,0.2,0.5625
400,10,50,50,0.9,0.5,0.5,0.375
401,10,50,100,0.4,0,0,0.40625
402,10,50,100,0.4,0,0.1,0.375
403,10,50,100,0.4,0,0.2,0.3125
404,10,50,100,0.4,0,0.5,0.0625
405,10,50,100,0.4,0.05,0,0.375
406,10,50,100,0.4,0.05,0.1,0.46875
407,10,50,100,0.4,0.05,0.2,0.40625
408,10,50,100,0.4,0.05,0.5,0.40625
409,10,50,100,0.4,0.1,0,0.21875
410,10,50,100,0.4,0.1,0.1,0.59375
411,10,50,100,0.4,0.1,0.2,0.3125
412,10,50,100,0.4,0.1,0.5,0.125
413,10,50,100,0.4,0.2,0,0.375
414,10,50,100,0.4,0.2,0.1,0.28125
415,10,50,100,0.4,0.2,0.2,0.40625
416,10,50,100,0.4,0.2,0.5,0.40625
417,10,50,100,0.4,0.5,0,0.3125
418,10,50,100,0.4,0.5,0.1,0.34375
419,10,50,100,0.4,0.5,0.2,0.28125
420,10,50,100,0.4,0.5,0.5,0.40625
421,10,50,100,0.6,0,0,0.5
422,10,50,100,0.6,0,0.1,0.53125
423,10,50,100,0.6,0,0.2,0.21875
424,10,50,100,0.6,0,0.5,0.46875
425,10,50,100,0.6,0.05,0,0.28125
426,10,50,100,0.6,0.05,0.1,0.15625
427,10,50,100,0.6,0.05,0.2,0.375
428,10,50,100,0.6,0.05,0.5,0.15625
429,10,50,100,0.6,0.1,0,0.4375
430,10,50,100,0.6,0.1,0.1,0.15625
431,10,50,100,0.6,0.1,0.2,0.46875
432,10,50,100,0.6,0.1,0.5,0.5
433,10,50,100,0.6,0.2,0,0.3125
434,10,50,100,0.6,0.2,0.1,0.34375
435,10,50,100,0.6,0.2,0.2,0.28125
436,10,50,100,0.6,0.2,0.5,0.09375
437,10,50,100,0.6,0.5,0,0.28125
438,10,50,100,0.6,0.5,0.1,0.3125
439,10,50,100,0.6,0.5,0.2,0.1875
440,10,50,100,0.6,0.5,0.5,0.375
441,10,50,100,0.8,0,0,0.40625
442,10,50,100,0.8,0,0.1,0.375
443,10,50,100,0.8,0,0.2,0.15625
444,10,50,100,0.8,0,0.5,0.40625
445,10,50,100,0.8,0.05,0,0.25
446,10,50,100,0.8,0.05,0.1,0.25
447,10,50,100,0.8,0.05,0.2,0.15625
448,10,50,100,0.8,0.05,0.5,0.25
449,10,50,100,0.8,0.1,0,0.375
450,10,50,100,0.8,0.1,0.1,0.25
451,10,50,100,0.8,0.1,0.2,0.28125
452,10,50,100,0.8,0.1,0.5,0.0625
453,10,50,100,0.8,0.2,0,0.59375
454,10,50,100,0.8,0.2,0.1,0.09375
455,10,50,100,0.8,0.2,0.2,0.0625
456,10,50,100,0.8,0.2,0.5,0.125
457,10,50,100,0.8,0.5,0,0.34375
458,10,50,100,0.8,0.5,0.1,0.15625
459,10,50,100,0.8,0.5,0.2,0.125
460,10,50,100,0.8,0.5,0.5,0.21875
461,10,50,100,0.9,0,0,0.28125
462,10,50,100,0.9,0,0.1,0.3125
463,10,50,100,0.9,0,0.2,0.03125
464,10,50,100,0.9,0,0.5,0.4375
465,10,50,100,0.9,0.05,0,0.53125
466,10,50,100,0.9,0.05,0.1,0.34375
467,10,50,100,0.9,0.05,0.2,0.28125
468,10,50,100,0.9,0.05,0.5,0.59375
469,10,50,100,0.9,0.1,0,0.53125
470,10,50,100,0.9,0.1,0.1,0.375
471,10,50,100,0.9,0.1,0.2,0.34375
472,10,50,100,0.9,0.1,0.5,0.46875
473,10,50,100,0.9,0.2,0,0.34375
474,10,50,100,0.9,0.2,0.1,0.1875
475,10,50,100,0.9,0.2,0.2,0.1875
476,10,50,100,0.9,0.2,0.5,0.125
477,10,50,100,0.9,0.5,0,0.25
478,10,50,100,0.9,0.5,0.1,0.34375
479,10,50,100,0.9,0.5,0.2,0.375
480,10,50,100,0.9,0.5,0.5,0.4375
481,10,50,200,0.4,0,0,0.4375
482,10,50,200,0.4,0,0.1,0.375
483,10,50,200,0.4,0,0.2,0.28125
484,10,50,200,0.4,0,0.5,0.4375
485,10,50,200,0.4,0.05,0,0.25
486,10,50,200,0.4,0.05,0.1,0.1875
487,10,50,200,0.4,0.05,0.2,0.4375
488,10,50,200,0.4,0.05,0.5,0.40625
489,10,50,200,0.4,0.1,0,0.28125
490,10,50,200,0.4,0.1,0.1,0.15625
491,10,50,200,0.4,0.1,0.2,0.28125
492,10,50,200,0.4,0.1,0.5,0.4375
493,10,50,200,0.4,0.2,0,0.25
494,10,50,200,0.4,0.2,0.1,0.40625
495,10,50,200,0.4,0.2,0.2,0.4375
496,10,50,200,0.4,0.2,0.5,0.3125
497,10,50,200,0.4,0.5,0,0.65625
498,10,50,200,0.4,0.5,0.1,0.28125
499,10,50,200,0.4,0.5,0.2,0.375
500,10,50,200,0.4,0.5,0.5,0.15625
501,10,50,200,0.6,0,0,0.21875
502,10,50,200,0.6,0,0.1,0.5
503,10,50,200,0.6,0,0.2,0.25
504,10,50,200,0.6,0,0.5,0.59375
505,10,50,200,0.6,0.05,0,0.5625
506,10,50,200,0.6,0.05,0.1,0.1875
507,10,50,200,0.6,0.05,0.2,0.34375
508,10,50,200,0.6,0.05,0.5,0.09375
509,10,50,200,0.6,0.1,0,0.125
510,10,50,200,0.6,0.1,0.1,0.25
511,10,50,200,0.6,0.1,0.2,0.125
512,10,50,200,0.6,0.1,0.5,0.5625
513,10,50,200,0.6,0.2,0,0.125
514,10,50,200,0.6,0.2,0.1,0.15625
515,10,50,200,0.6,0.2,0.2,0.34375
516,10,50,200,0.6,0.2,0.5,0.46875
517,10,50,200,0.6,0.5,0,0.25
518,10,50,200,0.6,0.5,0.1,0.375
519,10,50,200,0.6,0.5,0.2,0.15625
520,10,50,200,0.6,0.5,0.5,0.09375
521,10,50,200,0.8,0,0,0.1875
522,10,50,200,0.8,0,0.1,0.46875
523,10,50,200,0.8,0,0.2,0.28125
524,10,50,200,0.8,0,0.5,0.3125
525,10,50,200,0.8,0.05,0,0.0625
526,10,50,200,0.8,0.05,0.1,0.0625
527,10,50,200,0.8,0.05,0.2,0.34375
528,10,50,200,0.8,0.05,0.5,0.28125
529,10,50,200,0.8,0.1,0,0.28125
530,10,50,200,0.8,0.1,0.1,0.15625
531,10,50,200,0.8,0.1,0.2,0.46875
532,10,50,200,0.8,0.1,0.5,0.34375
533,10,50,200,0.8,0.2,0,0.21875
534,10,50,200,0.8,0.2,0.1,-0.0625
535,10,50,200,0.8,0.2,0.2,0.3125
536,10,50,200,0.8,0.2,0.5,0.21875
537,10,50,200,0.8,0.5,0,0.28125
538,10,50,200,0.8,0.5,0.1,0.3125
539,10,50,200,0.8,0.5,0.2,0.28125
540,10,50,200,0.8,0.5,0.5,0.15625
541,10,50,200,0.9,0,0,0.40625
542,10,50,200,0.9,0,0.1,0.4375
543,10,50,200,0.9,0,0.2,0.5
544,10,50,200,0.9,0,0.5,0.03125
545,10,50,200,0.9,0.05,0,0.375
546,10,50,200,0.9,0.05,0.1,0.34375
547,10,50,200,0.9,0.05,0.2,0.5
548,10,50,200,0.9,0.05,0.5,0.1875
549,10,50,200,0.9,0.1,0,0.28125
550,10,50,200,0.9,0.1,0.1,0.4375
551,10,50,200,0.9,0.1,0.2,0.25
552,10,50,200,0.9,0.1,0.5,0.0
553,10,50,200,0.9,0.2,0,0.03125
554,10,50,200,0.9,0.2,0.1,0.28125
555,10,50,200,0.9,0.2,0.2,0.40625
556,10,50,200,0.9,0.2,0.5,0.59375
557,10,50,200,0.9,0.5,0,0.40625
558,10,50,200,0.9,0.5,0.1,0.28125
559,10,50,200,0.9,0.5,0.2,0.28125
560,10,50,200,0.9,0.5,0.5,0.25
561,10,50,500,0.4,0,0,0.3125
562,10,50,500,0.4,0,0.1,0.3125
563,10,50,500,0.4,0,0.2,0.625
564,10,50,500,0.4,0,0.5,0.3125
565,10,50,500,0.4,0.05,0,0.34375
566,10,50,500,0.4,0.05,0.1,0.25
567,10,50,500,0.4,0.05,0.2,0.21875
568,10,50,500,0.4,0.05,0.5,0.15625
569,10,50,500,0.4,0.1,0,0.09375
570,10,50,500,0.4,0.1,0.1,0.5
571,10,50,500,0.4,0.1,0.2,0.25
572,10,50,500,0.4,0.1,0.5,0.21875
573,10,50,500,0.4,0.2,0,0.28125
574,10,50,500,0.4,0.2,0.1,0.1875
575,10,50,500,0.4,0.2,0.2,0.4375
576,10,50,500,0.4,0.2,0.5,0.21875
577,10,50,500,0.4,0.5,0,0.4375
578,10,50,500,0.4,0.5,0.1,0.53125
579,10,50,500,0.4,0.5,0.2,0.53125
580,10,50,500,0.4,0.5,0.5,0.5
581,10,50,500,0.6,0,0,0.4375
582,10,50,500,0.6,0,0.1,0.40625
583,10,50,500,0.6,0,0.2,0.21875
584,10,50,500,0.6,0,0.5,0.4375
585,10,50,500,0.6,0.05,0,0.3125
586,10,50,500,0.6,0.05,0.1,0.15625
587,10,50,500,0.6,0.05,0.2,0.25
588,10,50,500,0.6,0.05,0.5,0.28125
589,10,50,500,0.6,0.1,0,0.40625
590,10,50,500,0.6,0.1,0.1,0.375
591,10,50,500,0.6,0.1,0.2,0.1875
592,10,50,500,0.6,0.1,0.5,0.3125
593,10,50,500,0.6,0.2,0,0.3125
594,10,50,500,0.6,0.2,0.1,0.46875
595,10,50,500,0.6,0.2,0.2,0.3125
596,10,50,500,0.6,0.2,0.5,0.34375
597,10,50,500,0.6,0.5,0,0.25
598,10,50,500,0.6,0.5,0.1,0.25
599,10,50,500,0.6,0.5,0.2,0.03125
600,10,50,500,0.6,0.5,0.5,0.625
601,10,50,500,0.8,0,0,0.125
602,10,50,500,0.8,0,0.1,0.34375
603,10,50,500,0.8,0,0.2,0.25
604,10,50,500,0.8,0,0.5,0.34375
605,10,50,500,0.8,0.05,0,0.53125
606,10,50,500,0.8,0.05,0.1,0.375
607,10,50,500,0.8,0.05,0.2,0.15625
608,10,50,500,0.8,0.05,0.5,0.375
609,10,50,500,0.8,0.1,0,0.0625
610,10,50,500,0.8,0.1,0.1,0.34375
611,10,50,500,0.8,0.1,0.2,0.25
612,10,50,500,0.8,0.1,0.5,0.125
613,10,50,500,0.8,0.2,0,0.375
614,10,50,500,0.8,0.2,0.1,0.28125
615,10,50,500,0.8,0.2,0.2,-0.03125
616,10,50,500,0.8,0.2,0.5,0.375
617,10,50,500,0.8,0.5,0,0.28125
618,10,50,500,0.8,0.5,0.1,0.46875
619,10,50,500,0.8,0.5,0.2,0.21875
620,10,50,500,0.8,0.5,0.5,0.3125
621,10,50,500,0.9,0,0,0.34375
622,10,50,500,0.9,0,0.1,0.1875
623,10,50,500,0.9,0,0.2,0.53125
624,10,50,500,0.9,0,0.5,0.3125
625,10,50,500,0.9,0.05,0,0.1875
626,10,50,500,0.9,0.05,0.1,-0.03125
627,10,50,500,0.9,0.05,0.2,0.25
628,10,50,500,0.9,0.05,0.5,0.3125
629,10,50,500,0.9,0.1,0,0.4375
630,10,50,500,0.9,0.1,0.1,0.15625
631,10,50,500,0.9,0.1,0.2,0.40625
632,10,50,500,0.9,0.1,0.5,0.3125
633,10,50,500,0.9,0.2,0,0.0
634,10,50,500,0.9,0.2,0.1,0.53125
635,10,50,500,0.9,0.2,0.2,0.09375
636,10,50,500,0.9,0.2,0.5,0.46875
637,10,50,500,0.9,0.5,0,0.1875
638,10,50,500,0.9,0.5,0.1,0.40625
639,10,50,500,0.9,0.5,0.2,0.28125
640,10,50,500,0.9,0.5,0.5,0.25
641,10,100,50,0.4,0,0,0.15625
642,10,100,50,0.4,0,0.1,0.40625
643,10,100,50,0.4,0,0.2,0.4375
644,10,100,50,0.4,0,0.5,0.5625
645,10,100,50,0.4,0.05,0,0.25
646,10,100,50,0.4,0.05,0.1,-0.03125
647,10,100,50,0.4,0.05,0.2,0.46875
648,10,100,50,0.4,0.05,0.5,0.28125
649,10,100,50,0.4,0.1,0,0.125
650,10,100,50,0.4,0.1,0.1,0.46875
651,10,100,50,0.4,0.1,0.2,0.46875
652,10,100,50,0.4,0.1,0.5,0.09375
653,10,100,50,0.4,0.2,0,0.3125
654,10,100,50,0.4,0.2,0.1,0.375
655,10,100,50,0.4,0.2,0.2,0.28125
656,10,100,50,0.4,0.2,0.5,0.1875
657,10,100,50,0.4,0.5,0,0.6875
658,10,100,50,0.4,0.5,0.1,0.28125
659,10,100,50,0.4,0.5,0.2,0.28125
660,10,100,50,0.4,0.5,0.5,0.4375
661,10,100,50,0.6,0,0,0.25
662,10,100,50,0.6,0,0.1,0.34375
663,10,100,50,0.6,0,0.2,0.25
664,10,100,50,0.6,0,0.5,0.53125
665,10,100,50,0.6,0.05,0,0.34375
666,10,100,50,0.6,0.05,0.1,0.4375
667,10,100,50,0.6,0.05,0.2,0.3125
668,10,100,50,0.6,0.05,0.5,0.46875
669,10,100,50,0.6,0.1,0,0.46875
670,10,100,50,0.6,0.1,0.1,0.15625
671,10,100,50,0.6,0.1,0.2,0.40625
672,10,100,50,0.6,0.1,0.5,0.09375
673,10,100,50,0.6,0.2,0,0.59375
674,10,100,50,0.6,0.2,0.1,0.15625
675,10,100,50,0.6,0.2,0.2,0.46875
676,10,100,50,0.6,0.2,0.5,0.40625
677,10,100,50,0.6,0.5,0,0.46875
678,10,100,50,0.6,0.5,0.1,0.53125
679,10,100,50,0.6,0.5,0.2,0.5625
680,10,100,50,0.6,0.5,0.5,0.5625
681,10,100,50,0.8,0,0,0.21875
682,10,100,50,0.8,0,0.1,0.53125
683,10,100,50,0.8,0,0.2,0.34375
684,10,100,50,0.8,0,0.5,0.125
685,10,100,50,0.8,0.05,0,0.34375
686,10,100,50,0.8,0.05,0.1,0.53125
687,10,100,50,0.8,0.05,0.2,0.3125
688,10,100,50,0.8,0.05,0.5,0.1875
689,10,100,50,0.8,0.1,0,0.3125
690,10,100,50,0.8,0.1,0.1,0.34375
691,10,100,50,0.8,0.1,0.2,0.59375
692,10,100,50,0.8,0.1,0.5,0.40625
693,10,100,50,0.8,0.2,0,0.25
694,10,100,50,0.8,0.2,0.1,0.34375
695,10,100,50,0.8,0.2,0.2,0.21875
696,10,100,50,0.8,0.2,0.5,0.0625
697,10,100,50,0.8,0.5,0,0.15625
698,10,100,50,0.8,0.5,0.1,0.3125
699,10,100,50,0.8,0.5,0.2,0.3125
700,10,100,50,0.8,0.5,0.5,0.15625
701,10,100,50,0.9,0,0,0.34375
702,10,100,50,0.9,0,0.1,0.375
703,10,100,50,0.9,0,0.2,0.46875
704,10,100,50,0.9,0,0.5,0.09375
705,10,100,50,0.9,0.05,0,0.125
706,10,100,50,0.9,0.05,0.1,0.09375
707,10,100,50,0.9,0.05,0.2,0.3125
708,10,100,50,0.9,0.05,0.5,0.1875
709,10,100,50,0.9,0.1,0,0.1875
710,10,100,50,0.9,0.1,0.1,0.3125
711,10,100,50,0.9,0.1,0.2,0.28125
712,10,100,50,0.9,0.1,0.5,0.46875
713,10,100,50,0.9,0.2,0,0.1875
714,10,100,50,0.9,0.2,0.1,0.25
715,10,100,50,0.9,0.2,0.2,0.375
716,10,100,50,0.9,0.2,0.5,0.34375
717,10,100,50,0.9,0.5,0,0.40625
718,10,100,50,0.9,0.5,0.1,0.375
719,10,100,50,0.9,0.5,0.2,0.4375
720,10,100,50,0.9,0.5,0.5,0.25
721,10,100,100,0.4,0,0,0.46875
722,10,100,100,0.4,0,0.1,0.1875
723,10,100,100,0.4,0,0.2,0.3125
724,10,100,100,0.4,0,0.5,0.4375
725,10,100,100,0.4,0.05,0,0.28125
726,10,100,100,0.4,0.05,0.1,0.375
727,10,100,100,0.4,0.05,0.2,0.40625
728,10,100,100,0.4,0.05,0.5,0.59375
729,10,100,100,0.4,0.1,0,0.125
730,10,100,100,0.4,0.1,0.1,0.03125
731,10,100,100,0.4,0.1,0.2,0.40625
732,10,100,100,0.4,0.1,0.5,0.25
733,10,100,100,0.4,0.2,0,-0.0625
734,10,100,100,0.4,0.2,0.1,0.375
735,10,100,100,0.4,0.2,0.2,0.125
736,10,100,100,0.4,0.2,0.5,0.21875
737,10,100,100,0.4,0.5,0,0.21875
738,10,100,100,0.4,0.5,0.1,0.28125
739,10,100,100,0.4,0.5,0.2,0.34375
740,10,100,100,0.4,0.5,0.5,0.28125
741,10,100,100,0.6,0,0,0.15625
742,10,100,100,0.6,0,0.1,0.375
743,10,100,100,0.6,0,0.2,0.375
744,10,100,100,0.6,0,0.5,0.1875
745,10,100,100,0.6,0.05,0,0.34375
746,10,100,100,0.6,0.05,0.1,0.34375
747,10,100,100,0.6,0.05,0.2,0.09375
748,10,100,100,0.6,0.05,0.5,0.25
749,10,100,100,0.6,0.1,0,0.375
750,10,100,100,0.6,0.1,0.1,0.40625
751,10,100,100,0.6,0.1,0.2,0.125
752,10,100,100,0.6,0.1,0.5,0.21875
753,10,100,100,0.6,0.2,0,0.5625
754,10,100,100,0.6,0.2,0.1,0.125
755,10,100,100,0.6,0.2,0.2,0.09375
756,10,100,100,0.6,0.2,0.5,0.375
757,10,100,100,0.6,0.5,0,0.375
758,10,100,100,0.6,0.5,0.1,0.28125
759,10,100,100,0.6,0.5,0.2,0.4375
760,10,100,100,0.6,0.5,0.5,0.21875
761,10,100,100,0.8,0,0,0.0
762,10,100,100,0.8,0,0.1,0.34375
763,10,100,100,0.8,0,0.2,0.5625
764,10,100,100,0.8,0,0.5,0.25
765,10,100,100,0.8,0.05,0,0.125
766,10,100,100,0.8,0.05,0.1,0.0625
767,10,100,100,0.8,0.05,0.2,0.5
768,10,100,100,0.8,0.05,0.5,0.34375
769,10,100,100,0.8,0.1,0,0.28125
770,10,100,100,0.8,0.1,0.1,0.28125
771,10,100,100,0.8,0.1,0.2,0.03125
772,10,100,100,0.8,0.1,0.5,0.5
773,10,100,100,0.8,0.2,0,0.15625
774,10,100,100,0.8,0.2,0.1,0.375
775,10,100,100,0.8,0.2,0.2,0.375
776,10,100,100,0.8,0.2,0.5,0.03125
777,10,100,100,0.8,0.5,0,0.3125
778,10,100,100,0.8,0.5,0.1,0.34375
779,10,100,100,0.8,0.5,0.2,0.34375
780,10,100,100,0.8,0.5,0.5,0.4375
781,10,100,100,0.9,0,0,0.46875
782,10,100,100,0.9,0,0.1,0.4375
783,10,100,100,0.9,0,0.2,0.65625
784,10,100,100,0.9,0,0.5,0.15625
785,10,100,100,0.9,0.05,0,0.3125
786,10,100,100,0.9,0.05,0.1,0.40625
787,10,100,100,0.9,0.05,0.2,0.40625
788,10,100,100,0.9,0.05,0.5,0.4375
789,10,100,100,0.9,0.1,0,0.28125
790,10,100,100,0.9,0.1,0.1,0.1875
791,10,100,100,0.9,0.1,0.2,0.125
792,10,100,100,0.9,0.1,0.5,0.25
793,10,100,100,0.9,0.2,0,0.375
794,10,100,100,0.9,0.2,0.1,0.34375
795,10,100,100,0.9,0.2,0.2,0.4375
796,10,100,100,0.9,0.2,0.5,0.34375
797,10,100,100,0.9,0.5,0,0.40625
798,10,100,100,0.9,0.5,0.1,0.25
799,10,100,100,0.9,0.5,0.2,0.15625
800,10,100,100,0.9,0.5,0.5,0.21875
801,10,100,200,0.4,0,0,0.34375
802,10,100,200,0.4,0,0.1,0.09375
803,10,100,200,0.4,0,0.2,0.15625
804,10,100,200,0.4,0,0.5,0.25
805,10,100,200,0.4,0.05,0,0.125
806,10,100,200,0.4,0.05,0.1,0.15625
807,10,100,200,0.4,0.05,0.2,0.375
808,10,100,200,0.4,0.05,0.5,0.3125
809,10,100,200,0.4,0.1,0,0.03125
810,10,100,200,0.4,0.1,0.1,0.3125
811,10,100,200,0.4,0.1,0.2,0.0
812,10,100,200,0.4,0.1,0.5,0.1875
813,10,100,200,0.4,0.2,0,0.21875
814,10,100,200,0.4,0.2,0.1,0.21875
815,10,100,200,0.4,0.2,0.2,0.3125
816,10,100,200,0.4,0.2,0.5,0.34375
817,10,100,200,0.4,0.5,0,0.4375
818,10,100,200,0.4,0.5,0.1,0.46875
819,10,100,200,0.4,0.5,0.2,0.53125
820,10,100,200,0.4,0.5,0.5,0.46875
821,10,100,200,0.6,0,0,0.5
822,10,100,200,0.6,0,0.1,0.3125
823,10,100,200,0.6,0,0.2,0.40625
824,10,100,200,0.6,0,0.5,0.5
825,10,100,200,0.6,0.05,0,0.46875
826,10,100,200,0.6,0.05,0.1,0.3125
827,10,100,200,0.6,0.05,0.2,0.5
828,10,100,200,0.6,0.05,0.5,0.0625
829,10,100,200,0.6,0.1,0,0.0625
830,10,100,200,0.6,0.1,0.1,0.5
831,10,100,200,0.6,0.1,0.2,0.5625
832,10,100,200,0.6,0.1,0.5,0.28125
833,10,100,200,0.6,0.2,0,0.25
834,10,100,200,0.6,0.2,0.1,0.28125
835,10,100,200,0.6,0.2,0.2,0.4375
836,10,100,200,0.6,0.2,0.5,0.34375
837,10,100,200,0.6,0.5,0,0.40625
838,10,100,200,0.6,0.5,0.1,0.3125
839,10,100,200,0.6,0.5,0.2,0.34375
840,10,100,200,0.6,0.5,0.5,0.3125
841,10,100,200,0.8,0,0,0.59375
842,10,100,200,0.8,0,0.1,0.375
843,10,100,200,0.8,0,0.2,0.4375
844,10,100,200,0.8,0,0.5,0.15625
845,10,100,200,0.8,0.05,0,0.34375
846,10,100,200,0.8,0.05,0.1,0.25
847,10,100,200,0.8,0.05,0.2,-0.03125
848,10,100,200,0.8,0.05,0.5,0.375
849,10,100,200,0.8,0.1,0,0.5625
850,10,100,200,0.8,0.1,0.1,0.28125
851,10,100,200,0.8,0.1,0.2,0.0625
852,10,100,200,0.8,0.1,0.5,0.40625
853,10,100,200,0.8,0.2,0,0.1875
854,10,100,200,0.8,0.2,0.1,0.375
855,10,100,200,0.8,0.2,0.2,0.21875
856,10,100,200,0.8,0.2,0.5,0.375
857,10,100,200,0.8,0.5,0,0.40625
858,10,100,200,0.8,0.5,0.1,0.21875
859,10,100,200,0.8,0.5,0.2,0.5625
860,10,100,200,0.8,0.5,0.5,0.40625
861,10,100,200,0.9,0,0,0.15625
862,10,100,200,0.9,0,0.1,0.125
863,10,100,200,0.9,0,0.2,0.28125
864,10,100,200,0.9,0,0.5,0.4375
865,10,100,200,0.9,0.05,0,0.34375
866,10,100,200,0.9,0.05,0.1,0.1875
867,10,100,200,0.9,0.05,0.2,0.09375
868,10,100,200,0.9,0.05,0.5,0.375
869,10,100,200,0.9,0.1,0,0.15625
870,10,100,200,0.9,0.1,0.1,-0.0625
871,10,100,200,0.9,0.1,0.2,0.3125
872,10,100,200,0.9,0.1,0.5,0.25
873,10,100,200,0.9,0.2,0,0.53125
874,10,100,200,0.9,0.2,0.1,0.59375
875,10,100,200,0.9,0.2,0.2,0.21875
876,10,100,200,0.9,0.2,0.5,0.09375
877,10,100,200,0.9,0.5,0,0.1875
878,10,100,200,0.9,0.5,0.1,0.3125
879,10,100,200,0.9,0.5,0.2,0.46875
880,10,100,200,0.9,0.5,0.5,0.25
881,10,100,500,0.4,0,0,-0.03125
882,10,100,500,0.4,0,0.1,0.375
883,10,100,500,0.4,0,0.2,0.25
884,10,100,500,0.4,0,0.5,0.34375
885,10,100,500,0.4,0.05,0,0.09375
886,10,100,500,0.4,0.05,0.1,0.34375
887,10,100,500,0.4,0.05,0.2,0.25
888,10,100,500,0.4,0.05,0.5,0.15625
889,10,100,500,0.4,0.1,0,0.46875
890,10,100,500,0.4,0.1,0.1,0.125
891,10,100,500,0.4,0.1,0.2,0.3125
892,10,100,500,0.4,0.1,0.5,0.46875
893,10,100,500,0.4,0.2,0,0.0625
894,10,100,500,0.4,0.2,0.1,0.28125
895,10,100,500,0.4,0.2,0.2,0.3125
896,10,100,500,0.4,0.2,0.5,0.5
897,10,100,500,0.4,0.5,0,0.25
898,10,100,500,0.4,0.5,0.1,0.34375
899,10,100,500,0.4,0.5,0.2,0.1875
900,10,100,500,0.4,0.5,0.5,0.09375
901,10,100,500,0.6,0,0,0.4375
902,10,100,500,0.6,0,0.1,0.4375
903,10,100,500,0.6,0,0.2,0.34375
904,10,100,500,0.6,0,0.5,-0.03125
905,10,100,500,0.6,0.05,0,0.3125
906,10,100,500,0.6,0.05,0.1,0.15625
907,10,100,500,0.6,0.05,0.2,0.21875
908,10,100,500,0.6,0.05,0.5,0.3125
909,10,100,500,0.6,0.1,0,0.21875
910,10,100,500,0.6,0.1,0.1,0.125
911,10,100,500,0.6,0.1,0.2,0.3125
912,10,100,500,0.6,0.1,0.5,0.21875
913,10,100,500,0.6,0.2,0,0.34375
914,10,100,500,0.6,0.2,0.1,0.375
915,10,100,500,0.6,0.2,0.2,0.25
916,10,100,500,0.6,0.2,0.5,0.34375
917,10,100,500,0.6,0.5,0,0.46875
918,10,100,500,0.6,0.5,0.1,0.21875
919,10,100,500,0.6,0.5,0.2,0.3125
920,10,100,500,0.6,0.5,0.5,0.375
921,10,100,500,0.8,0,0,0.5
922,10,100,500,0.8,0,0.1,0.71875
923,10,100,500,0.8,0,0.2,0.28125
924,10,100,500,0.8,0,0.5,0.59375
925,10,100,500,0.8,0.05,0,0.5
926,10,100,500,0.8,0.05,0.1,0.28125
927,10,100,500,0.8,0.05,0.2,0.28125
928,10,100,500,0.8,0.05,0.5,0.21875
929,10,100,500,0.8,0.1,0,0.3125
930,10,100,500,0.8,0.1,0.1,0.15625
931,10,100,500,0.8,0.1,0.2,0.34375
932,10,100,500,0.8,0.1,0.5,0.375
933,10,100,500,0.8,0.2,0,0.5
934,10,100,500,0.8,0.2,0.1,0.125
935,10,100,500,0.8,0.2,0.2,0.1875
936,10,100,500,0.8,0.2,0.5,0.0625
937,10,100,500,0.8,0.5,0,0.3125
938,10,100,500,0.8,0.5,0.1,0.15625
939,10,100,500,0.8,0.5,0.2,-0.03125
940,10,100,500,0.8,0.5,0.5,0.0
941,10,100,500,0.9,0,0,0.4375
942,10,100,500,0.9,0,0.1,0.25
943,10,100,500,0.9,0,0.2,0.21875
944,10,100,500,0.9,0,0.5,-0.15625
945,10,100,500,0.9,0.05,0,0.03125
946,10,100,500,0.9,0.05,0.1,0.5
947,10,100,500,0.9,0.05,0.2,0.46875
948,10,100,500,0.9,0.05,0.5,0.15625
949,10,100,500,0.9,0.1,0,0.3125
950,10,100,500,0.9,0.1,0.1,0.5
951,10,100,500,0.9,0.1,0.2,0.125
952,10,100,500,0.9,0.1,0.5,0.5
953,10,100,500,0.9,0.2,0,0.09375
954,10,100,500,0.9,0.2,0.1,0.46875
955,10,100,500,0.9,0.2,0.2,0.34375
956,10,100,500,0.9,0.2,0.5,0.21875
957,10,100,500,0.9,0.5,0,0.5
958,10,100,500,0.9,0.5,0.1,0.46875
959,10,100,500,0.9,0.5,0.2,0.40625
960,10,100,500,0.9,0.5,0.5,0.125
961,10,300,50,0.4,0,0,0.3125
962,10,300,50,0.4,0,0.1,0.3125
963,10,300,50,0.4,0,0.2,0.6875
964,10,300,50,0.4,0,0.5,0.3125
965,10,300,50,0.4,0.05,0,0.21875
966,10,300,50,0.4,0.05,0.1,0.375
967,10,300,50,0.4,0.05,0.2,0.34375
968,10,300,50,0.4,0.05,0.5,0.25
969,10,300,50,0.4,0.1,0,0.40625
970,10,300,50,0.4,0.1,0.1,0.46875
971,10,300,50,0.4,0.1,0.2,0.09375
972,10,300,50,0.4,0.1,0.5,0.3125
973,10,300,50,0.4,0.2,0,0.1875
974,10,300,50,0.4,0.2,0.1,0.25
975,10,300,50,0.4,0.2,0.2,0.125
976,10,300,50,0.4,0.2,0.5,0.46875
977,10,300,50,0.4,0.5,0,0.40625
978,10,300,50,0.4,0.5,0.1,0.3125
979,10,300,50,0.4,0.5,0.2,0.21875
980,10,300,50,0.4,0.5,0.5,0.3125
981,10,300,50,0.6,0,0,0.125
982,10,300,50,0.6,0,0.1,0.375
983,10,300,50,0.6,0,0.2,0.375
984,10,300,50,0.6,0,0.5,-0.0625
985,10,300,50,0.6,0.05,0,0.46875
986,10,300,50,0.6,0.05,0.1,0.28125
987,10,300,50,0.6,0.05,0.2,0.34375
988,10,300,50,0.6,0.05,0.5,0.3125
989,10,300,50,0.6,0.1,0,0.28125
990,10,300,50,0.6,0.1,0.1,0.09375
991,10,300,50,0.6,0.1,0.2,0.15625
992,10,300,50,0.6,0.1,0.5,0.1875
993,10,300,50,0.6,0.2,0,0.28125
994,10,300,50,0.6,0.2,0.1,0.53125
995,10,300,50,0.6,0.2,0.2,0.15625
996,10,300,50,0.6,0.2,0.5,0.28125
997,10,300,50,0.6,0.5,0,0.40625
998,10,300,50,0.6,0.5,0.1,0.25
999,10,300,50,0.6,0.5,0.2,0.375
1000,10,300,50,0.6,0.5,0.5,0.5625
1001,10,300,50,0.8,0,0,0.375
1002,10,300,50,0.8,0,0.1,0.34375
1003,10,300,50,0.8,0,0.2,0.28125
1004,10,300,50,0.8,0,0.5,0.375
1005,10,300,50,0.8,0.05,0,0.21875
1006,10,300,50,0.8,0.05,0.1,0.15625
1007,10,300,50,0.8,0.05,0.2,0.4375
1008,10,300,50,0.8,0.05,0.5,0.1875
1009,10,300,50,0.8,0.1,0,0.1875
1010,10,300,50,0.8,0.1,0.1,0.375
1011,10,300,50,0.8,0.1,0.2,0.28125
1012,10,300,50,0.8,0.1,0.5,0.28125
1013,10,300,50,0.8,0.2,0,0.4375
1014,10,300,50,0.8,0.2,0.1,0.46875
1015,10,300,50,0.8,0.2,0.2,0.46875
1016,10,300,50,0.8,0.2,0.5,0.5
1017,10,300,50,0.8,0.5,0,0.21875
1018,10,300,50,0.8,0.5,0.1,0.21875
1019,10,300,50,0.8,0.5,0.2,0.21875
1020,10,300,50,0.8,0.5,0.5,0.375
1021,10,300,50,0.9,0,0,0.34375
1022,10,300,50,0.9,0,0.1,0.46875
1023,10,300,50,0.9,0,0.2,0.4375
1024,10,300,50,0.9,0,0.5,0.40625
1025,10,300,50,0.9,0.05,0,0.125
1026,10,300,50,0.9,0.05,0.1,0.0625
1027,10,300,50,0.9,0.05,0.2,0.15625
1028,10,300,50,0.9,0.05,0.5,0.4375
1029,10,300,50,0.9,0.1,0,0.15625
1030,10,300,50,0.9,0.1,0.1,0.375
1031,10,300,50,0.9,0.1,0.2,0.15625
1032,10,300,50,0.9,0.1,0.5,0.3125
1033,10,300,50,0.9,0.2,0,0.09375
1034,10,300,50,0.9,0.2,0.1,0.4375
1035,10,300,50,0.9,0.2,0.2,0.125
1036,10,300,50,0.9,0.2,0.5,0.25
1037,10,300,50,0.9,0.5,0,0.375
1038,10,300,50,0.9,0.5,0.1,0.21875
1039,10,300,50,0.9,0.5,0.2,0.46875
1040,10,300,50,0.9,0.5,0.5,0.4375
1041,10,300,100,0.4,0,0,0.25
1042,10,300,100,0.4,0,0.1,0.15625
1043,10,300,100,0.4,0,0.2,0.15625
1044,10,300,100,0.4,0,0.5,0.5
1045,10,300,100,0.4,0.05,0,0.34375
1046,10,300,100,0.4,0.05,0.1,0.34375
1047,10,300,100,0.4,0.05,0.2,0.28125
1048,10,300,100,0.4,0.05,0.5,0.1875
1049,10,300,100,0.4,0.1,0,0.09375
1050,10,300,100,0.4,0.1,0.1,0.40625
1051,10,300,100,0.4,0.1,0.2,0.21875
1052,10,300,100,0.4,0.1,0.5,0.25
1053,10,300,100,0.4,0.2,0,0.25
1054,10,300,100,0.4,0.2,0.1,-0.125
1055,10,300,100,0.4,0.2,0.2,0.4375
1056,10,300,100,0.4,0.2,0.5,0.21875
1057,10,300,100,0.4,0.5,0,0.46875
1058,10,300,100,0.4,0.5,0.1,0.59375
1059,10,300,100,0.4,0.5,0.2,0.21875
